{
  "H1_rnn_vs_lstm_high": {
    "n": 24,
    "mean_a": 0.00048746597622081005,
    "mean_b": 0.00016745029878012304,
    "median_diff": 0.00014395953257918007,
    "wilcoxon_stat": 0.0,
    "p_value": 1.1920928955078125e-07,
    "verdict": "a > b"
  },
  "H2_lstm_vs_rnn_low": {
    "n": 24,
    "mean_a": 0.0005356784856757722,
    "mean_b": 0.0014069761054997284,
    "median_diff": -0.00026275958225595005,
    "wilcoxon_stat": 1.0,
    "p_value": 2.384185791015625e-07,
    "verdict": "a < b"
  },
  "H3_fc_vs_rnn_all": {
    "n": 48,
    "mean_a": 0.003172046000448325,
    "mean_b": 0.0009472210408602693,
    "median_diff": 0.0019942930230173,
    "wilcoxon_stat": 11.0,
    "p_value": 3.907985046680551e-13,
    "verdict": "a > b"
  },
  "H3_fc_vs_lstm_all": {
    "n": 48,
    "mean_a": 0.003172046000448325,
    "mean_b": 0.0003515643922279476,
    "median_diff": 0.0022555552450285003,
    "wilcoxon_stat": 0.0,
    "p_value": 7.105427357601002e-15,
    "verdict": "a > b"
  },
  "frequency_design": {
    "low_freqs": [
      20,
      60
    ],
    "high_freqs": [
      100,
      200
    ]
  }
}